.notdef,.notdef
.null,.null
nonmarkingreturn,nonmarkingreturn
CR,nonmarkingreturn
space,space
tab,tab
exclam,exclam
exclam.arab,exclam.arab
quotedbl,quotedbl
numbersign,numbersign
dollar,dollar
percent,percent
ampersand,ampersand
quotesingle,quotesingle
parenleft,parenleft
parenleft.arab,parenleft.arab
parenright,parenright
parenright.arab,parenright.arab
asterisk,asterisk
asterisk.arab,asterisk.arab
plus,plus
comma,comma
hyphen,hyphentwo
hyphenminus,hyphen
period,period
period.test,period.test
slash,slash
zero,zero
zeroMedium,zero.medium
zeroSmall,zero.small
one,one
oneMedium,one.medium
oneSmall,one.small
two,two
twoMedium,two.medium
twoSmall,two.small
three,three
threeMedium,three.medium
threeSmall,three.small
four,four
fourMedium,four.medium
fourSmall,four.small
five,five
fiveMedium,five.medium
fiveSmall,five.small
six,six
sixMedium,six.medium
sixSmall,six.small
seven,seven
sevenMedium,seven.medium
sevenSmall,seven.small
eight,eight
eightMedium,eight.medium
eightSmall,eight.small
nine,nine
nineMedium,nine.medium
nineSmall,nine.small
colon,colon
colon.arab,colon.arab
semicolon,semicolon
less,less
equal,equal
greater,greater
question,question
at,at
A,A
B,B
C,C
D,D
E,E
F,F
G,G
H,H
I,I
J,J
K,K
L,L
M,M
N,N
O,O
P,P
Q,Q
R,R
S,S
T,T
U,U
V,V
W,W
X,X
Y,Y
Z,Z
bracketleft,bracketleft
bracketright,bracketright
backslash,backslash
underscore,underscore
a,a
b,b
c,c
d,d
e,e
f,f
g,g
h,h
i,i
j,j
k,k
l,l
m,m
n,n
o,o
p,p
q,q
r,r
s,s
t,t
u,u
v,v
w,w
x,x
y,y
z,z
braceleft,braceleft
braceright,braceright
bar,bar
asciitilde,asciitilde
nobreakspace,nbspace
exclamdown,exclamdown
cent,cent
sterling,sterling
currency,currency
yen,yen
brokenbar,brokenbar
section,section
copyright,copyright
registered,registered
ordfeminine,ordfeminine
guillemotleft,guillemetleft
logicalnot,logicalnot
sfthyphen,softhyphen
degree,degree
plusminus,plusminus
asciicircum,asciicircum
micro,micro
paragraph,paragraph
periodcentered,periodcentered
ordmasculine,ordmasculine
guillemotright,guillemetright
onesuperior,onesuperior
twosuperior,twosuperior
threesuperior,threesuperior
onehalf,onehalf
onequarter,onequarter
threequarters,threequarters
questiondown,questiondown
Agrave,Agrave
Aacute,Aacute
Acircumflex,Acircumflex
Atilde,Atilde
Adieresis,Adieresis
Aring,Aring
AE,AE
Ccedilla,Ccedilla
Egrave,Egrave
Eacute,Eacute
Ecircumflex,Ecircumflex
Edieresis,Edieresis
Igrave,Igrave
Iacute,Iacute
Icircumflex,Icircumflex
Idieresis,Idieresis
Eth,Eth
Ntilde,Ntilde
Ograve,Ograve
Oacute,Oacute
Ocircumflex,Ocircumflex
Otilde,Otilde
Odieresis,Odieresis
multiply,multiply
Oslash,Oslash
Ugrave,Ugrave
Uacute,Uacute
Ucircumflex,Ucircumflex
Udieresis,Udieresis
Yacute,Yacute
Thorn,Thorn
germandbls,germandbls
agrave,agrave
aacute,aacute
acircumflex,acircumflex
atilde,atilde
adieresis,adieresis
aring,aring
ae,ae
ccedilla,ccedilla
egrave,egrave
eacute,eacute
ecircumflex,ecircumflex
edieresis,edieresis
igrave,igrave
iacute,iacute
icircumflex,icircumflex
idieresis,idieresis
eth,eth
ntilde,ntilde
ograve,ograve
oacute,oacute
ocircumflex,ocircumflex
otilde,otilde
odieresis,odieresis
divide,divide
oslash,oslash
ugrave,ugrave
uacute,uacute
ucircumflex,ucircumflex
udieresis,udieresis
yacute,yacute
thorn,thorn
ydieresis,ydieresis
dotlessi,idotless
OE,OE
oe,oe
Scaron,Scaron
scaron,scaron
Ydieresis,Ydieresis
Zcaron,Zcaron
zcaron,zcaron
florin,florin
grave,grave
overscore,macron
dieresis,dieresis
acute,acute
cedilla,cedilla
circumflex,circumflex
caron,caron
modMacron,firsttonechinese
ring,ring
tilde,tilde
absHamza,hamza-ar
absHighHamza,highhamza-ar
absAlef,alef-ar
absAlefFin,alef-ar.fina
absAlefFin.postLamIni,alef-ar.postLamIni.fina
absAlefFin.postLamMed,alef-ar.postLamMed.fina
absAlefHamzaAbove,alefHamzaabove-ar
absAlefHamzaAboveFin,alefHamzaabove-ar.fina
absAlefHamzaAboveFin.postLamIni,alefHamzaabove-ar.postLamIni.fina
absAlefHamzaAboveFin.postLamMed,alefHamzaabove-ar.postLamMed.fina
absAlefHamzaAbove.warsh,alefHamzaabove-ar.warsh
absAlefHamzaAboveFin.warsh,alefHamzaabove-ar.warsh.fina
absAlefHamzaAboveFin.postLamIni.warsh,alefHamzaabove-ar.postLamIni.warsh.fina
absAlefHamzaAboveFin.postLamMed.warsh,alefHamzaabove-ar.postLamMed.warsh.fina
absAlefHamzaBelow,alefHamzabelow-ar
absAlefHamzaBelowFin,alefHamzabelow-ar.fina
absAlefHamzaBelowFin.postLamIni,alefHamzabelow-ar.postLamIni.fina
absAlefHamzaBelowFin.postLamMed,alefHamzabelow-ar.postLamMed.fina
absAlefHamzaBelow.warsh,alefHamzabelow-ar.warsh
absAlefHamzaBelowFin.warsh,alefHamzabelow-ar.warsh.fina
absAlefWavyHamzaAbove,alefWavyhamzaabove-ar
absAlefWavyHamzaAboveFin,alefWavyhamzaabove-ar.fina
absAlefWavyHamzaAboveFin.postLamIni,alefWavyhamzaabove-ar.postLamIni.fina
absAlefWavyHamzaAboveFin.postLamMed,alefWavyhamzaabove-ar.postLamMed.fina
absAlefWavyHamzaBelow,alefWavyhamzabelow-ar
absAlefWavyHamzaBelowFin,alefWavyhamzabelow-ar.fina
absAlefWavyHamzaBelowFin.postLamIni,alefWavyhamzabelow-ar.postLamIni.fina
absAlefWavyHamzaBelowFin.postLamMed,alefWavyhamzabelow-ar.postLamMed.fina
absAlefMaddaAbove,alefMadda-ar
absAlefMaddaAboveFin,alefMadda-ar.fina
absAlefMaddaAboveFin.postLamIni,alefMadda-ar.postLamIni.fina
absAlefMaddaAboveFin.postLamMed,alefMadda-ar.postLamMed.fina
absAlefMaddaAbove.small,alefMadda-ar.small
absAlefMaddaAboveFin.small,alefMadda-ar.small.fina
absAlefMaddaAboveFin.postLamIni.small,alefMadda-ar.postLamIni.small.fina
absAlefMaddaAboveFin.postLamMed.small,alefMadda-ar.postLamMed.small.fina
absAlefWasla,alefWasla-ar
absAlefWaslaFin,alefWasla-ar.fina
absAlefWaslaFin.postLamIni,alefWasla-ar.postLamIni.fina
absAlefWaslaFin.postLamMed,alefWasla-ar.postLamMed.fina
absHighHamzaAlef,highhamzaAlef-ar
absHighHamzaAlefFin,highhamzaAlef-ar.fina
absHighHamzaAlefFin.postLamIni,highhamzaAlef-ar.postLamIni.fina
absHighHamzaAlefFin.postLamMed,highhamzaAlef-ar.postLamMed.fina
absAlefDigitTwoAbove,alefTwoabove-ar
absAlefDigitTwoAboveFin,alefTwoabove-ar.fina
absAlefDigitTwoAboveFin.postLamIni,alefTwoabove-ar.postLamIni.fina
absAlefDigitTwoAboveFin.postLamMed,alefTwoabove-ar.postLamMed.fina
absAlefDigitThreeAbove,alefThreeabove-ar
absAlefDigitThreeAboveFin,alefThreeabove-ar.fina
absAlefDigitThreeAboveFin.postLamIni,alefThreeabove-ar.postLamIni.fina
absAlefDigitThreeAboveFin.postLamMed,alefThreeabove-ar.postLamMed.fina
absAlefFatha,alef_fatha-ar
absAlefFatha.warsh,alef_fatha-ar.warsh
absAlefKasra,alef_kasra-ar
absAlefKasra.warsh,alef_kasra-ar.warsh
absBehNoDots,behDotless-ar
absBehNoDotsFin,behDotless-ar.fina
absBehNoDotsMed,behDotless-ar.medi
absBehNoDotsIni,behDotless-ar.init
absBeh,beh-ar
absBehFin,beh-ar.fina
absBehMed,beh-ar.medi
absBehIni,beh-ar.init
absPeh,peh-ar
absPehFin,peh-ar.fina
absPehMed,peh-ar.medi
absPehIni,peh-ar.init
absBeeh,beeh-ar
absBeehFin,beeh-ar.fina
absBeehMed,beeh-ar.medi
absBeehIni,beeh-ar.init
absBeheh,beheh-ar
absBehehFin,beheh-ar.fina
absBehehMed,beheh-ar.medi
absBehehIni,beheh-ar.init
absTeh,teh-ar
absTehFin,teh-ar.fina
absTehMed,teh-ar.medi
absTehIni,teh-ar.init
absTehRing,tehRing-ar
absTehRingFin,tehRing-ar.fina
absTehRingMed,tehRing-ar.medi
absTehRingIni,tehRing-ar.init
absTehThreeDotsAboveDownwards,tehThreedotsdown-ar
absTehThreeDotsAboveDownwardsFin,tehThreedotsdown-ar.fina
absTehThreeDotsAboveDownwardsMed,tehThreedotsdown-ar.medi
absTehThreeDotsAboveDownwardsIni,tehThreedotsdown-ar.init
absTheh,theh-ar
absThehFin,theh-ar.fina
absThehMed,theh-ar.medi
absThehIni,theh-ar.init
absTteh,tteh-ar
absTtehFin,tteh-ar.fina
absTtehMed,tteh-ar.medi
absTtehIni,tteh-ar.init
absTteheh,tteheh-ar
absTtehehFin,tteheh-ar.fina
absTtehehMed,tteheh-ar.medi
absTtehehIni,tteheh-ar.init
absTeheh,teheh-ar
absTehehFin,teheh-ar.fina
absTehehMed,teheh-ar.medi
absTehehIni,teheh-ar.init
absBehThreeDotsHorizBelow,behThreedotshorizontalbelow-ar
absBehThreeDotsHorizBelowFin,behThreedotshorizontalbelow-ar.fina
absBehThreeDotsHorizBelowMed,behThreedotshorizontalbelow-ar.medi
absBehThreeDotsHorizBelowIni,behThreedotshorizontalbelow-ar.init
absBehThreeDotsAboveDotBelow,behThreedotsupabove-ar
absBehThreeDotsAboveDotBelowFin,behThreedotsupabove-ar.fina
absBehThreeDotsAboveDotBelowMed,behThreedotsupabove-ar.medi
absBehThreeDotsAboveDotBelowIni,behThreedotsupabove-ar.init
absBehThreeDotsUpBelow,behThreedotsupbelow-ar
absBehThreeDotsUpwardBelow,behThreedotsupbelow-ar
absBehThreeDotsUpBelowFin,behThreedotsupbelow-ar.fina
absBehThreeDotsUpwardBelowFin,behThreedotsupbelow-ar.fina
absBehThreeDotsUpBelowMed,behThreedotsupbelow-ar.medi
absBehThreeDotsUpwardBelowMed,behThreedotsupbelow-ar.medi
absBehThreeDotsUpBelowIni,behThreedotsupbelow-ar.init
absBehThreeDotsUpwardBelowIni,behThreedotsupbelow-ar.init
absBehTwoDotsAboveThreeDotsUpBelow,tehThreedotsupbelow-ar
absBehTwoDotsAboveThreeDotsUpwardBelow,tehThreedotsupbelow-ar
absBehTwoDotsAboveThreeDotsUpBelowFin,tehThreedotsupbelow-ar.fina
absBehTwoDotsAboveThreeDotsUpwardBelowFin,tehThreedotsupbelow-ar.fina
absBehTwoDotsAboveThreeDotsUpBelowMed,tehThreedotsupbelow-ar.medi
absBehTwoDotsAboveThreeDotsUpwardBelowMed,tehThreedotsupbelow-ar.medi
absBehTwoDotsAboveThreeDotsUpBelowIni,tehThreedotsupbelow-ar.init
absBehTwoDotsAboveThreeDotsUpwardBelowIni,tehThreedotsupbelow-ar.init
absBehDotAboveTwoDotsBelow,behTwodotsbelowDotabove-ar
absBehDotAboveTwoDotsBelowFin,behTwodotsbelowDotabove-ar.fina
absBehDotAboveTwoDotsBelowMed,behTwodotsbelowDotabove-ar.medi
absBehDotAboveTwoDotsBelowIni,behTwodotsbelowDotabove-ar.init
absBehInvSmallVBelow,behVinvertedbelow-ar
absBehInvSmallVBelowFin,behVinvertedbelow-ar.fina
absBehInvSmallVBelowMed,behVinvertedbelow-ar.medi
absBehInvSmallVBelowIni,behVinvertedbelow-ar.init
absBehSmallVAbove,behVabove-ar
absBehSmallVAboveFin,behVabove-ar.fina
absBehSmallVAboveMed,behVabove-ar.medi
absBehSmallVAboveIni,behVabove-ar.init
absBehSmallVBelow,behVbelow-ar
absBehSmallVBelowFin,behVbelow-ar.fina
absBehSmallVBelowMed,behVbelow-ar.medi
absBehSmallVBelowIni,behVbelow-ar.init
absBehHamzaAbove,behhamzaabove-ar
absBehHamzaAboveFin,behhamzaabove-ar.fina
absBehHamzaAboveMed,behhamzaabove-ar.medi
absBehHamzaAboveIni,behhamzaabove-ar.init
absBehNoDotsTehAbove,tehTehabove-ar
absBehNoDotsTehAboveFin,tehTehabove-ar.fina
absBehNoDotsTehAboveMed,tehTehabove-ar.medi
absBehNoDotsTehAboveIni,tehTehabove-ar.init
absBehSmallMeemAbove,behMeemabove-ar
absBehSmallMeemAboveFin,behMeemabove-ar.fina
absBehSmallMeemAboveMed,behMeemabove-ar.medi
absBehSmallMeemAboveIni,behMeemabove-ar.init
absPehSmallMeemAbove,pehMeemabove-ar
absPehSmallMeemAboveFin,pehMeemabove-ar.fina
absPehSmallMeemAboveMed,pehMeemabove-ar.medi
absPehSmallMeemAboveIni,pehMeemabove-ar.init
absJeem,jeem-ar
absJeemFin,jeem-ar.fina
absJeemMed,jeem-ar.medi
absJeemIni,jeem-ar.init
absJeemMed.hand,jeem-ar.medi.hand
absTcheh,tcheh-ar
absTchehFin,tcheh-ar.fina
absTchehMed,tcheh-ar.medi
absTchehIni,tcheh-ar.init
absTchehMed.hand,tcheh-ar.medi.hand
absTcheheh,tcheheh-ar
absTchehehFin,tcheheh-ar.fina
absTchehehMed,tcheheh-ar.medi
absTchehehIni,tcheheh-ar.init
absTchehehMed.hand,tcheheh-ar.medi.hand
absTchehDotAbove,tchehDotabove-ar
absTchehDotAboveFin,tchehDotabove-ar.fina
absTchehDotAboveMed,tchehDotabove-ar.medi
absTchehDotAboveIni,tchehDotabove-ar.init
absTchehDotAboveMed.hand,tchehDotabove-ar.medi.hand
absNyeh,nyeh-ar
absNyehFin,nyeh-ar.fina
absNyehMed,nyeh-ar.medi
absNyehIni,nyeh-ar.init
absNyehMed.hand,nyeh-ar.medi.hand
absDyeh,dyeh-ar
absDyehFin,dyeh-ar.fina
absDyehMed,dyeh-ar.medi
absDyehIni,dyeh-ar.init
absDyehMed.hand,dyeh-ar.medi.hand
absHah,hah-ar
absHahFin,hah-ar.fina
absHahMed,hah-ar.medi
absHahIni,hah-ar.init
absHahMed.hand,hah-ar.medi.hand
absHahHamzaAbove,hahHamzaabove-ar
absHahHamzaAboveFin,hahHamzaabove-ar.fina
absHahHamzaAboveMed,hahHamzaabove-ar.medi
absHahHamzaAboveIni,hahHamzaabove-ar.init
absHahHamzaAboveMed.hand,hahHamzaabove-ar.medi.hand
absHahTwoDotsVerticalAbove,hahTwodotsverticalabove-ar
absHahTwoDotsVerticalAboveFin,hahTwodotsverticalabove-ar.fina
absHahTwoDotsVerticalAboveMed,hahTwodotsverticalabove-ar.medi
absHahTwoDotsVerticalAboveIni,hahTwodotsverticalabove-ar.init
absHahTwoDotsVerticalAboveMed.hand,hahTwodotsverticalabove-ar.medi.hand
absHahTwoDotsAbove,hahTwodotshorizontalabove-ar
absHahTwoDotsAboveFin,hahTwodotshorizontalabove-ar.fina
absHahTwoDotsAboveMed,hahTwodotshorizontalabove-ar.medi
absHahTwoDotsAboveIni,hahTwodotshorizontalabove-ar.init
absHahTwoDotsAboveMed.hand,hahTwodotshorizontalabove-ar.medi.hand
absHahThreeDotsAbove,hahThreedotsabove-ar
absHahThreeDotsAboveFin,hahThreedotsabove-ar.fina
absHahThreeDotsAboveMed,hahThreedotsabove-ar.medi
absHahThreeDotsAboveIni,hahThreedotsabove-ar.init
absHahThreeDotsAboveMed.hand,hahThreedotsabove-ar.medi.hand
absHahThreeDotsUpBelow,hahThreedotsupbelow-ar
absHahThreeDotsUpwardBelow,hahThreedotsupbelow-ar
absHahThreeDotsUpBelowFin,hahThreedotsupbelow-ar.fina
absHahThreeDotsUpwardBelowFin,hahThreedotsupbelow-ar.fina
absHahThreeDotsUpBelowMed,hahThreedotsupbelow-ar.medi
absHahThreeDotsUpwardBelowMed,hahThreedotsupbelow-ar.medi
absHahThreeDotsUpBelowIni,hahThreedotsupbelow-ar.init
absHahThreeDotsUpwardBelowIni,hahThreedotsupbelow-ar.init
absHahThreeDotsUpBelowMed.hand,hahThreedotsupbelow-ar.medi.hand
absKhah,khah-ar
absKhahFin,khah-ar.fina
absKhahMed,khah-ar.medi
absKhahIni,khah-ar.init
absKhahMed.hand,khah-ar.medi.hand
absHahSmallTahBelow,hahTahbelow-ar
absHahSmallTahBelowFin,hahTahbelow-ar.fina
absHahSmallTahBelowMed,hahTahbelow-ar.medi
absHahSmallTahBelowMed.hand,hahTahbelow-ar.medi.hand
absHahSmallTahBelowIni,hahTahbelow-ar.init
absHahSmallTahTwoDots,hahTahTwodotshorizontalabove-ar
absHahSmallTahTwoDotsFin,hahTahTwodotshorizontalabove-ar.fina
absHahSmallTahTwoDotsMed,hahTahTwodotshorizontalabove-ar.medi
absHahSmallTahTwoDotsMed.hand,hahTahTwodotshorizontalabove-ar.medi.hand
absHahSmallTahTwoDotsIni,hahTahTwodotshorizontalabove-ar.init
absHahSmallTahAbove,hahTahabove-ar
absHahSmallTahAboveFin,hahTahabove-ar.fina
absHahSmallTahAboveMed,hahTahabove-ar.medi
absHahSmallTahAboveMed.hand,hahTahabove-ar.medi.hand
absHahSmallTahAboveIni,hahTahabove-ar.init
absHahDigitFourBelow,hahFourbelow-ar
absHahDigitFourBelowFin,hahFourbelow-ar.fina
absHahDigitFourBelowMed,hahFourbelow-ar.medi
absHahDigitFourBelowMed.hand,hahFourbelow-ar.medi.hand
absHahDigitFourBelowIni,hahFourbelow-ar.init
absJeemTwoDotsAbove,jeemTwodotsabove-ar
absJeemTwoDotsAboveFin,jeemTwodotsabove-ar.fina
absJeemTwoDotsAboveMed,jeemTwodotsabove-ar.medi
absJeemTwoDotsAboveIni,jeemTwodotsabove-ar.init
absJeemTwoDotsAboveMed.hand,jeemTwodotsabove-ar.medi.hand
absDal,dal-ar
absDalFin,dal-ar.fina
absDal.sen,dal-ar.loclWLF
absDalFin.sen,dal-ar.fina.loclWLF
absThal,thal-ar
absThalFin,thal-ar.fina
absThal.sen,thal-ar.loclWLF
absThalFin.sen,thal-ar.fina.loclWLF
absDdal,ddal-ar
absDdalFin,ddal-ar.fina
absDdal.sen,ddal-ar.loclWLF
absDdalFin.sen,ddal-ar.fina.loclWLF
absDahal,dahal-ar
absDahalFin,dahal-ar.fina
absDahal.sen,dahal-ar.loclWLF
absDahalFin.sen,dahal-ar.fina.loclWLF
absDdahal,ddahal-ar
absDdahalFin,ddahal-ar.fina
absDdahal.sen,ddahal-ar.loclWLF
absDdahalFin.sen,ddahal-ar.fina.loclWLF
absDalRing,dalRing-ar
absDalRingFin,dalRing-ar.fina
absDalRing.sen,dalRing-ar.loclWLF
absDalRingFin.sen,dalRing-ar.fina.loclWLF
absDalDotBelow,dalDotbelow-ar
absDalDotBelowFin,dalDotbelow-ar.fina
absDalDotBelow.sen,dalDotbelow-ar.loclWLF
absDalDotBelowFin.sen,dalDotbelow-ar.fina.loclWLF
absDalDotBelowSmallTah,dalDotbelowTah-ar
absDalDotBelowSmallTahFin,dalDotbelowTah-ar.fina
absDalDotBelowSmallTah.sen,dalDotbelowTah-ar.loclWLF
absDalDotBelowSmallTahFin.sen,dalDotbelowTah-ar.fina.loclWLF
absDul,dul-ar
absDulFin,dul-ar.fina
absDul.sen,dul-ar.loclWLF
absDulFin.sen,dul-ar.fina.loclWLF
absDalThreeDotsAboveDownwards,dalThreedotsdown-ar
absDalThreeDotsAboveDownwardsFin,dalThreedotsdown-ar.fina
absDalThreeDotsAboveDownwards.sen,dalThreedotsdown-ar.loclWLF
absDalThreeDotsAboveDownwardsFin.sen,dalThreedotsdown-ar.fina.loclWLF
absDalFourDotsAbove,dalFourdots-ar
absDalFourDotsAboveFin,dalFourdots-ar.fina
absDalFourDotsAbove.sen,dalFourdots-ar.loclWLF
absDalFourDotsAboveFin.sen,dalFourdots-ar.fina.loclWLF
absDalHat,dalVinvertedabove-ar
absDalHatFin,dalVinvertedabove-ar.fina
absDalHat.sen,dalVinvertedabove-ar.loclWLF
absDalHatFin.sen,dalVinvertedabove-ar.fina.loclWLF
absDalTwoVertBelowSmallTah,dalTwodotsverticalbelowTah-ar
absDalTwoVertBelowSmallTahFin,dalTwodotsverticalbelowTah-ar.fina
absDalTwoVertBelowSmallTah.sen,dalTwodotsverticalbelowTah-ar.loclWLF
absDalTwoVertBelowSmallTahFin.sen,dalTwodotsverticalbelowTah-ar.fina.loclWLF
absDalInvSmallVBelow,dalVinvertedbelow-ar
absDalInvSmallVBelowFin,dalVinvertedbelow-ar.fina
absDalInvSmallVBelow.sen,dalVinvertedbelow-ar.loclWLF
absDalInvSmallVBelowFin.sen,dalVinvertedbelow-ar.fina.loclWLF
absDalThreeDotsBelow,dalThreedotsbelow-ar
absDalThreeDotsBelowFin,dalThreedotsbelow-ar.fina
absDalThreeDotsBelow.sen,dalThreedotsbelow-ar.loclWLF
absDalThreeDotsBelowFin.sen,dalThreedotsbelow-ar.fina.loclWLF
absReh,reh-ar
absRehFin,reh-ar.fina
absZain,zain-ar
absZainFin,zain-ar.fina
absZainHat,zainVinvertedabove-ar
absZainHatFin,zainVinvertedabove-ar.fina
absRreh,rreh-ar
absRrehFin,rreh-ar.fina
absRehSmallV,rehv-ar
absRehSmallVFin,rehv-ar.fina
absRehRing,rehRing-ar
absRehRingFin,rehRing-ar.fina
absRehDotBelow,rehDotbelow-ar
absRehDotBelowFin,rehDotbelow-ar.fina
absRehSmallVBelow,rehVbelow-ar
absRehSmallVBelowFin,rehVbelow-ar.fina
absRehDotBelowDotAbove,rehDotbelowdotabove-ar
absRehDotBelowDotAboveFin,rehDotbelowdotabove-ar.fina
absRehTwoDotsAbove,rehTwodots-ar
absRehTwoDotsAboveFin,rehTwodots-ar.fina
absJeh,jeh-ar
absJehFin,jeh-ar.fina
absRehFourDotsAbove,rehFourdots-ar
absRehFourDotsAboveFin,rehFourdots-ar.fina
absRehHat,rehVinvertedabove-ar
absRehHatFin,rehVinvertedabove-ar.fina
absRehBar,rehStroke-ar
absRehBarFin,rehStroke-ar.fina
absRehTwoVertAbove,rehTwodotsverticalabove-ar
absRehTwoVertAboveFin,rehTwodotsverticalabove-ar.fina
absRehHamzaAbove,rehHamzaabove-ar
absRehHamzaAboveFin,rehHamzaabove-ar.fina
absRehSmallTahTwoDots,rehTwodotshorizontalaboveTahabove-ar
absRehSmallTahTwoDotsFin,rehTwodotshorizontalaboveTahabove-ar.fina
absRehSmallNoonAbove,rehNoonabove-ar
absRehSmallNoonAboveFin,rehNoonabove-ar.fina
absRehLoop,rehLoop-ar
absRehLoopFin,rehLoop-ar.fina
absSmallHighRehHahMark,rehHahabove-ar
absSmallHighRehDadMark,rehDadabove-ar
absSeen,seen-ar
absSeenFin,seen-ar.fina
absSeenMed,seen-ar.medi
absSeenIni,seen-ar.init
absSeenDotBelowDotAbove,seenDotbelowDotabove-ar
absSeenDotBelowDotAboveFin,seenDotbelowDotabove-ar.fina
absSeenDotBelowDotAboveMed,seenDotbelowDotabove-ar.medi
absSeenDotBelowDotAboveIni,seenDotbelowDotabove-ar.init
absSeenThreeDotsBelow,seenThreedotsbelow-ar
absSeenThreeDotsBelowFin,seenThreedotsbelow-ar.fina
absSeenThreeDotsBelowMed,seenThreedotsbelow-ar.medi
absSeenThreeDotsBelowIni,seenThreedotsbelow-ar.init
absSheen,sheen-ar
absSheenFin,sheen-ar.fina
absSheenMed,sheen-ar.medi
absSheenIni,sheen-ar.init
absSheenDotBelow,sheenDotbelow-ar
absSheenDotBelowFin,sheenDotbelow-ar.fina
absSheenDotBelowMed,sheenDotbelow-ar.medi
absSheenDotBelowIni,sheenDotbelow-ar.init
absSeenThreeDotsBelowThreeDotsAbove,sheenThreedotsbelow-ar
absSeenThreeDotsBelowThreeDotsAboveFin,sheenThreedotsbelow-ar.fina
absSeenThreeDotsBelowThreeDotsAboveMed,sheenThreedotsbelow-ar.medi
absSeenThreeDotsBelowThreeDotsAboveIni,sheenThreedotsbelow-ar.init
absSeenFourDotsAbove,seenFourdotsabove-ar
absSeenFourDotsAboveFin,seenFourdotsabove-ar.fina
absSeenFourDotsAboveMed,seenFourdotsabove-ar.medi
absSeenFourDotsAboveIni,seenFourdotsabove-ar.init
absSeenTwoVertAbove,seenTwodotshorizontalabove-ar
absSeenTwoVertAboveFin,seenTwodotshorizontalabove-ar.fina
absSeenTwoVertAboveMed,seenTwodotshorizontalabove-ar.medi
absSeenTwoVertAboveIni,seenTwodotshorizontalabove-ar.init
absSeenSmallTahTwoDots,seenTahTwodotshorizontalabove-ar
absSeenSmallTahTwoDotsFin,seenTahTwodotshorizontalabove-ar.fina
absSeenSmallTahTwoDotsMed,seenTahTwodotshorizontalabove-ar.medi
absSeenSmallTahTwoDotsIni,seenTahTwodotshorizontalabove-ar.init
absSeenDigitFourAbove,seenFourabove-ar
absSeenDigitFourAboveFin,seenFourabove-ar.fina
absSeenDigitFourAboveMed,seenFourabove-ar.medi
absSeenDigitFourAboveIni,seenFourabove-ar.init
absSeenInvertedV,seenVinvertedabove-ar
absSeenInvertedVFin,seenVinvertedabove-ar.fina
absSeenInvertedVMed,seenVinvertedabove-ar.medi
absSeenInvertedVIni,seenVinvertedabove-ar.init
absSad,sad-ar
absSadFin,sad-ar.fina
absSadMed,sad-ar.medi
absSadIni,sad-ar.init
absSad.half,sad-ar.half
absSadFin.half,sad-ar.fina.half
absSadTwoDotsBelow,sadTwodotsbelow-ar
absSadTwoDotsBelowFin,sadTwodotsbelow-ar.fina
absSadTwoDotsBelowMed,sadTwodotsbelow-ar.medi
absSadTwoDotsBelowIni,sadTwodotsbelow-ar.init
absSadTwoDotsBelow.half,sadTwodotsbelow-ar.half
absSadTwoDotsBelowFin.half,sadTwodotsbelow-ar.fina.half
absSadThreeDotsAbove,sadThreedots-ar
absSadThreeDotsAboveFin,sadThreedots-ar.fina
absSadThreeDotsAboveMed,sadThreedots-ar.medi
absSadThreeDotsAboveIni,sadThreedots-ar.init
absSadThreeDotsAbove.half,sadThreedots-ar.half
absSadThreeDotsAboveFin.half,sadThreedots-ar.fina.half
absSadThreeDotsBelow,sadThreedotsbelow-ar
absSadThreeDotsBelowFin,sadThreedotsbelow-ar.fina
absSadThreeDotsBelowMed,sadThreedotsbelow-ar.medi
absSadThreeDotsBelowIni,sadThreedotsbelow-ar.init
absSadThreeDotsBelow.half,sadThreedotsbelow-ar.half
absSadThreeDotsBelowFin.half,sadThreedotsbelow-ar.fina.half
absDad,dad-ar
absDadFin,dad-ar.fina
absDadMed,dad-ar.medi
absDadIni,dad-ar.init
absDad.half,dad-ar.half
absDadFin.half,dad-ar.fina.half
absDadDotBelow,dadDotbelow-ar
absDadDotBelowFin,dadDotbelow-ar.fina
absDadDotBelowMed,dadDotbelow-ar.medi
absDadDotBelowIni,dadDotbelow-ar.init
absDadDotBelow.half,dadDotbelow-ar.half
absDadDotBelowFin.half,dadDotbelow-ar.fina.half
absTah,tah-ar
absTahFin,tah-ar.fina
absTahMed,tah-ar.medi
absTahIni,tah-ar.init
absTahThreeDotsAbove,tahThreedots-ar
absTahThreeDotsAboveFin,tahThreedots-ar.fina
absTahThreeDotsAboveMed,tahThreedots-ar.medi
absTahThreeDotsAboveIni,tahThreedots-ar.init
absZah,zah-ar
absZahFin,zah-ar.fina
absZahMed,zah-ar.medi
absZahIni,zah-ar.init
absTahTwoDotsAbove,tahTwodotsabove-ar
absTahTwoDotsAboveFin,tahTwodotsabove-ar.fina
absTahTwoDotsAboveMed,tahTwodotsabove-ar.medi
absTahTwoDotsAboveIni,tahTwodotsabove-ar.init
absAin,ain-ar
absAinFin,ain-ar.fina
absAinMed,ain-ar.medi
absAinIni,ain-ar.init
absAinThreeDotsAbove,ainThreedots-ar
absAinThreeDotsAboveFin,ainThreedots-ar.fina
absAinThreeDotsAboveMed,ainThreedots-ar.medi
absAinThreeDotsAboveIni,ainThreedots-ar.init
absAinTwoDotsAbove,ainTwodotshorizontalabove-ar
absAinTwoDotsAboveFin,ainTwodotshorizontalabove-ar.fina
absAinTwoDotsAboveMed,ainTwodotshorizontalabove-ar.medi
absAinTwoDotsAboveIni,ainTwodotshorizontalabove-ar.init
absAinThreeDotsDownAbove,ainThreedotsdownabove-ar
absAinThreeDotsDownAboveFin,ainThreedotsdownabove-ar.fina
absAinThreeDotsDownAboveMed,ainThreedotsdownabove-ar.medi
absAinThreeDotsDownAboveIni,ainThreedotsdownabove-ar.init
absAinTwoDotsVertAbove,ainTwodotsverticalabove-ar
absAinTwoDotsVertAboveFin,ainTwodotsverticalabove-ar.fina
absAinTwoDotsVertAboveMed,ainTwodotsverticalabove-ar.medi
absAinTwoDotsVertAboveIni,ainTwodotsverticalabove-ar.init
absAinThreeDotsBelow,ainThreedotsbelow-ar
absAinThreeDotsBelowFin,ainThreedotsbelow-ar.fina
absAinThreeDotsBelowMed,ainThreedotsbelow-ar.medi
absAinThreeDotsBelowIni,ainThreedotsbelow-ar.init
absGhain,ghain-ar
absGhainFin,ghain-ar.fina
absGhainMed,ghain-ar.medi
absGhainIni,ghain-ar.init
absGhainDotBelow,ghainDotbelow-ar
absGhainDotBelowFin,ghainDotbelow-ar.fina
absGhainDotBelowMed,ghainDotbelow-ar.medi
absGhainDotBelowIni,ghainDotbelow-ar.init
absFeh,feh-ar
absFehFin,feh-ar.fina
absFehMed,feh-ar.medi
absFehIni,feh-ar.init
absVeh,veh-ar
absVehFin,veh-ar.fina
absVehMed,veh-ar.medi
absVehIni,veh-ar.init
absDotlessFeh,fehDotless-ar
absDotlessFehFin,fehDotless-ar.fina
absDotlessFehMed,fehDotless-ar.medi
absDotlessFehIni,fehDotless-ar.init
absFehDotMovedBelow,fehDotmovedbelow-ar
absFehDotMovedBelowFin,fehDotmovedbelow-ar.fina
absFehDotMovedBelowMed,fehDotmovedbelow-ar.medi
absFehDotMovedBelowIni,fehDotmovedbelow-ar.init
absFehDotBelow,fehDotbelow-ar
absFehDotBelowFin,fehDotbelow-ar.fina
absFehDotBelowMed,fehDotbelow-ar.medi
absFehDotBelowIni,fehDotbelow-ar.init
absFehThreeDotsBelow,fehThreedotsbelow-ar
absFehThreeDotsBelowFin,fehThreedotsbelow-ar.fina
absFehThreeDotsBelowMed,fehThreedotsbelow-ar.medi
absFehThreeDotsBelowIni,fehThreedotsbelow-ar.init
absPeheh,peheh-ar
absPehehFin,peheh-ar.fina
absPehehMed,peheh-ar.medi
absPehehIni,peheh-ar.init
absFehTwoDotsBelow,fehTwodotsbelow-ar
absFehTwoDotsBelowFin,fehTwodotsbelow-ar.fina
absFehTwoDotsBelowMed,fehTwodotsbelow-ar.medi
absFehTwoDotsBelowIni,fehTwodotsbelow-ar.init
absFehThreeDotsUpBelow,fehThreedotsupbelow-ar
absFehThreeDotsUpwardBelow,fehThreedotsupbelow-ar
absFehThreeDotsUpBelowFin,fehThreedotsupbelow-ar.fina
absFehThreeDotsUpwardBelowFin,fehThreedotsupbelow-ar.fina
absFehThreeDotsUpBelowMed,fehThreedotsupbelow-ar.medi
absFehThreeDotsUpwardBelowMed,fehThreedotsupbelow-ar.medi
absFehThreeDotsUpBelowIni,fehThreedotsupbelow-ar.init
absFehThreeDotsUpwardBelowIni,fehThreedotsupbelow-ar.init
absFehDotBelowThreeDotsAbove,fehDotbelowThreedotsabove-ar
absFehDotBelowThreeDotsAboveFin,fehDotbelowThreedotsabove-ar.fina
absFehDotBelowThreeDotsAboveMed,fehDotbelowThreedotsabove-ar.medi
absFehDotBelowThreeDotsAboveIni,fehDotbelowThreedotsabove-ar.init
absAfricanFeh,fehAfrican-ar
absAfricanFehFin,fehAfrican-ar.fina
absAfricanFehMed,fehAfrican-ar.medi
absAfricanFehIni,fehAfrican-ar.init
absQafNoDots,qafDotless-ar
absQafNoDotsFin,qafDotless-ar.fina
absQafNoDotsMed,qafDotless-ar.medi
absQafNoDotsIni,qafDotless-ar.init
absQaf,qaf-ar
absQafFin,qaf-ar.fina
absQafMed,qaf-ar.medi
absQafIni,qaf-ar.init
absQafDotAbove,qafDotabove-ar
absQafDotAboveFin,qafDotabove-ar.fina
absQafDotAboveMed,qafDotabove-ar.medi
absQafDotAboveIni,qafDotabove-ar.init
absQafThreeDotsAbove,qafThreedotsabove-ar
absQafThreeDotsAboveFin,qafThreedotsabove-ar.fina
absQafThreeDotsAboveMed,qafThreedotsabove-ar.medi
absQafThreeDotsAboveIni,qafThreedotsabove-ar.init
absQafDotBelow,qafDotbelow-ar
absQafDotBelowFin,qafDotbelow-ar.fina
absQafDotBelowMed,qafDotbelow-ar.medi
absQafDotBelowIni,qafDotbelow-ar.init
absAfricanQaf,qafAfrican-ar
absAfricanQafFin,qafAfrican-ar.fina
absAfricanQafMed,qafAfrican-ar.medi
absAfricanQafIni,qafAfrican-ar.init
absKaf,kaf-ar
absKafFin,kaf-ar.fina
absKafMed,kaf-ar.medi
absKafIni,kaf-ar.init
absKafDotBelow,kafDotbelow-ar
absKafDotBelowFin,kafDotbelow-ar.fina
absKafDotBelowMed,kafDotbelow-ar.medi
absKafDotBelowIni,kafDotbelow-ar.init
absKeheh,keheh-ar
absKehehFin,keheh-ar.fina
absKehehMed,keheh-ar.medi
absKehehIni,keheh-ar.init
absKehehTwoDotsAbove,kehehTwodotshorizontalabove-ar
absKehehTwoDotsAboveFin,kehehTwodotshorizontalabove-ar.fina
absKehehTwoDotsAboveMed,kehehTwodotshorizontalabove-ar.medi
absKehehTwoDotsAboveIni,kehehTwodotshorizontalabove-ar.init
absKehehThreeDotsBelow,kehehThreedotsbelow-ar
absKehehThreeDotsBelowFin,kehehThreedotsbelow-ar.fina
absKehehThreeDotsBelowMed,kehehThreedotsbelow-ar.medi
absKehehThreeDotsBelowIni,kehehThreedotsbelow-ar.init
absKehehDotAbove,kehehDotabove-ar
absKehehDotAboveFin,kehehDotabove-ar.fina
absKehehDotAboveMed,kehehDotabove-ar.medi
absKehehDotAboveIni,kehehDotabove-ar.init
absKehehThreeDotsAbove,kehehThreedotsabove-ar
absKehehThreeDotsAboveFin,kehehThreedotsabove-ar.fina
absKehehThreeDotsAboveMed,kehehThreedotsabove-ar.medi
absKehehThreeDotsAboveIni,kehehThreedotsabove-ar.init
absKehehThreeDotsUpBelow,kehehThreedotsupbelow-ar
absKehehThreeDotsUpwardBelow,kehehThreedotsupbelow-ar
absKehehThreeDotsUpBelowFin,kehehThreedotsupbelow-ar.fina
absKehehThreeDotsUpwardBelowFin,kehehThreedotsupbelow-ar.fina
absKehehThreeDotsUpBelowMed,kehehThreedotsupbelow-ar.medi
absKehehThreeDotsUpwardBelowMed,kehehThreedotsupbelow-ar.medi
absKehehThreeDotsUpBelowIni,kehehThreedotsupbelow-ar.init
absKehehThreeDotsUpwardBelowIni,kehehThreedotsupbelow-ar.init
absGaf,gaf-ar
absGafFin,gaf-ar.fina
absGafMed,gaf-ar.medi
absGafIni,gaf-ar.init
absGafRing,gafRing-ar
absGafRingFin,gafRing-ar.fina
absGafRingMed,gafRing-ar.medi
absGafRingIni,gafRing-ar.init
absGafThreeDotsAbove,gafThreedots-ar
absGafThreeDotsAboveFin,gafThreedots-ar.fina
absGafThreeDotsAboveMed,gafThreedots-ar.medi
absGafThreeDotsAboveIni,gafThreedots-ar.init
absSwashKaf,kafswash-ar
absSwashKafFin,kafswash-ar.fina
absSwashKafMed,kafswash-ar.medi
absSwashKafIni,kafswash-ar.init
absKafRing,kafRing-ar
absKafRingFin,kafRing-ar.fina
absKafRingMed,kafRing-ar.medi
absKafRingIni,kafRing-ar.init
absKafDotAbove,kafDotabove-ar
absKafDotAboveFin,kafDotabove-ar.fina
absKafDotAboveMed,kafDotabove-ar.medi
absKafDotAboveIni,kafDotabove-ar.init
absKafTwoDotsAbove,kafTwodotshorizontalabove-ar
absKafTwoDotsAboveFin,kafTwodotshorizontalabove-ar.fina
absKafTwoDotsAboveMed,kafTwodotshorizontalabove-ar.medi
absKafTwoDotsAboveIni,kafTwodotshorizontalabove-ar.init
absKafThreeDotsBelow,kafThreedotsbelow-ar
absKafThreeDotsBelowFin,kafThreedotsbelow-ar.fina
absKafThreeDotsBelowMed,kafThreedotsbelow-ar.medi
absKafThreeDotsBelowIni,kafThreedotsbelow-ar.init
absGafTwoDotsBelow,gafTwodotsbelow-ar
absGafTwoDotsBelowFin,gafTwodotsbelow-ar.fina
absGafTwoDotsBelowMed,gafTwodotsbelow-ar.medi
absGafTwoDotsBelowIni,gafTwodotsbelow-ar.init
absGafInvertedStroke,gafInvertedstroke-ar
absGafInvertedStrokeFin,gafInvertedstroke-ar.fina
absGafInvertedStrokeMed,gafInvertedstroke-ar.medi
absGafInvertedStrokeIni,gafInvertedstroke-ar.init
absNg,ng-ar
absNgFin,ng-ar.fina
absNgMed,ng-ar.medi
absNgIni,ng-ar.init
absNgoeh,ngoeh-ar
absNgoehFin,ngoeh-ar.fina
absNgoehMed,ngoeh-ar.medi
absNgoehIni,ngoeh-ar.init
absGueh,gueh-ar
absGuehFin,gueh-ar.fina
absGuehMed,gueh-ar.medi
absGuehIni,gueh-ar.init
absLam,lam-ar
absLamFin,lam-ar.fina
absLamMed,lam-ar.medi
absLamIni,lam-ar.init
absLamMed.preAlef,lam-ar.preAlef.medi
absLamIni.preAlef,lam-ar.preAlef.init
absLamSmallV,lamVabove-ar
absLamSmallVFin,lamVabove-ar.fina
absLamSmallVMed,lamVabove-ar.medi
absLamSmallVIni,lamVabove-ar.init
absLamSmallVMed.preAlef,lamVabove-ar.preAlef.medi
absLamSmallVIni.preAlef,lamVabove-ar.preAlef.init
absLamDotAbove,lamDotabove-ar
absLamDotAboveFin,lamDotabove-ar.fina
absLamDotAboveMed,lamDotabove-ar.medi
absLamDotAboveIni,lamDotabove-ar.init
absLamDotAboveMed.preAlef,lamDotabove-ar.preAlef.medi
absLamDotAboveIni.preAlef,lamDotabove-ar.preAlef.init
absLamThreeDotsAbove,lamThreedotsabove-ar
absLamThreeDotsAboveFin,lamThreedotsabove-ar.fina
absLamThreeDotsAboveMed,lamThreedotsabove-ar.medi
absLamThreeDotsAboveIni,lamThreedotsabove-ar.init
absLamThreeDotsAboveMed.preAlef,lamThreedotsabove-ar.preAlef.medi
absLamThreeDotsAboveIni.preAlef,lamThreedotsabove-ar.preAlef.init
absLamThreeDotsBelow,lamThreedotsbelow-ar
absLamThreeDotsBelowFin,lamThreedotsbelow-ar.fina
absLamThreeDotsBelowMed,lamThreedotsbelow-ar.medi
absLamThreeDotsBelowIni,lamThreedotsbelow-ar.init
absLamThreeDotsBelowMed.preAlef,lamThreedotsbelow-ar.preAlef.medi
absLamThreeDotsBelowIni.preAlef,lamThreedotsbelow-ar.preAlef.init
absLamBar,lamBar-ar
absLamBarFin,lamBar-ar.fina
absLamBarMed,lamBar-ar.medi
absLamBarIni,lamBar-ar.init
absLamBarMed.preAlef,lamBar-ar.preAlef.medi
absLamBarIni.preAlef,lamBar-ar.preAlef.init
absLamDoubleBar,lamDoublebar-ar
absLamDoubleBarFin,lamDoublebar-ar.fina
absLamDoubleBarMed,lamDoublebar-ar.medi
absLamDoubleBarIni,lamDoublebar-ar.init
absLamDoubleBarMed.preAlef,lamDoublebar-ar.preAlef.medi
absLamDoubleBarIni.preAlef,lamDoublebar-ar.preAlef.init
absLamHamzaIni.preAlef,lam_hamza-ar.preAlef.init
absLamHamzaIni.preAlef.warsh,lam_hamza-ar.preAlef.warsh.init
absMeem,meem-ar
absMeemFin,meem-ar.fina
absMeemMed,meem-ar.medi
absMeemIni,meem-ar.init
absMeem.sindhi,meem-ar.sindhi
absMeemFin.sindhi,meem-ar.sindhi.fina
absMeemDotAbove,meemDotabove-ar
absMeemDotAboveFin,meemDotabove-ar.fina
absMeemDotAboveMed,meemDotabove-ar.medi
absMeemDotAboveIni,meemDotabove-ar.init
absMeemDotAbove.sindhi,meemDotabove-ar.sindhi
absMeemDotAboveFin.sindhi,meemDotabove-ar.sindhi.fina
absMeemDotBelow,meemDotbelow-ar
absMeemDotBelowFin,meemDotbelow-ar.fina
absMeemDotBelowMed,meemDotbelow-ar.medi
absMeemDotBelowIni,meemDotbelow-ar.init
absMeemDotBelow.sindhi,meemDotbelow-ar.sindhi
absMeemDotBelowFin.sindhi,meemDotbelow-ar.sindhi.fina
absMeemThreeDotsAbove,meemThreedotsabove-ar
absMeemThreeDotsAboveFin,meemThreedotsabove-ar.fina
absMeemThreeDotsAboveMed,meemThreedotsabove-ar.medi
absMeemThreeDotsAboveIni,meemThreedotsabove-ar.init
absMeemThreeDotsAbove.sindhi,meemThreedotsabove-ar.sindhi
absMeemThreeDotsAboveFin.sindhi,meemThreedotsabove-ar.sindhi.fina
absNoon,noon-ar
absNoonFin,noon-ar.fina
absNoonMed,noon-ar.medi
absNoonIni,noon-ar.init
absNoonDotBelow,noonDotbelow-ar
absNoonDotBelowFin,noonDotbelow-ar.fina
absNoonDotBelowMed,noonDotbelow-ar.medi
absNoonDotBelowIni,noonDotbelow-ar.init
absNoonGhunna,noonghunna-ar
absNoonGhunnaFin,noonghunna-ar.fina
absNoonGhunnaMed,noonghunna-ar.medi
absNoonGhunnaIni,noonghunna-ar.init
absRnoon,rnoon-ar
absRnoonFin,rnoon-ar.fina
absRnoonMed,rnoon-ar.medi
absRnoonIni,rnoon-ar.init
absNoonRing,noonRing-ar
absNoonRingFin,noonRing-ar.fina
absNoonRingMed,noonRing-ar.medi
absNoonRingIni,noonRing-ar.init
absNoonThreeDotsAbove,noonThreedotsabove-ar
absNoonThreeDotsAboveFin,noonThreedotsabove-ar.fina
absNoonThreeDotsAboveMed,noonThreedotsabove-ar.medi
absNoonThreeDotsAboveIni,noonThreedotsabove-ar.init
absNoonTwoDotsBelow,noonTwodotsbelow-ar
absNoonTwoDotsBelowFin,noonTwodotsbelow-ar.fina
absNoonTwoDotsBelowMed,noonTwodotsbelow-ar.medi
absNoonTwoDotsBelowIni,noonTwodotsbelow-ar.init
absNoonRetro,noonTahabove-ar
absNoonRetroFin,noonTahabove-ar.fina
absNoonRetroMed,noonTahabove-ar.medi
absNoonRetroIni,noonTahabove-ar.init
absNoonSmallV,noonVabove-ar
absNoonSmallVFin,noonVabove-ar.fina
absNoonSmallVMed,noonVabove-ar.medi
absNoonSmallVIni,noonVabove-ar.init
absAfricanNoon,noonAfrican-ar
absAfricanNoonFin,noonAfrican-ar.fina
absAfricanNoonMed,noonAfrican-ar.medi
absAfricanNoonIni,noonAfrican-ar.init
absHeh,heh-ar
absHehFin,heh-ar.fina
absHehMed,heh-ar.medi
absHehIni,heh-ar.init
absHeh.knotted,heh-ar.knotted
absHehFin.knottedFlat,heh-ar.knottedFlat.fina
absHehFin.knottedHigh,heh-ar.knottedHigh.fina
absHehMed.knottedHigh,heh-ar.knottedHigh.medi
absHehFin.hooked,heh-ar.hooked.fina
absHehMed.hooked,heh-ar.hooked.medi
absHehIni.hooked,heh-ar.hooked.init
absHehYehAbove,hehHamzaabove-ar
absHehYehAboveFin,hehHamzaabove-ar.fina
absHehGoal,hehgoal-ar
absHehGoalFin,hehgoal-ar.fina
absHehGoalMed,hehgoal-ar.medi
absHehGoalIni,hehgoal-ar.init
absHehGoalHamzaAbove,hehgoalHamzaabove-ar
absHehGoalHamzaAboveFin,hehgoalHamzaabove-ar.fina
absHehGoalHamzaAboveMed,hehgoalHamzaabove-ar.medi
absHehGoalHamzaAboveIni,hehgoalHamzaabove-ar.init
absHehDoachashmee,hehDoachashmee-ar
absHehDoachashmeeFin,hehDoachashmee-ar.fina
absHehDoachashmeeMed,hehDoachashmee-ar.medi
absHehDoachashmeeIni,hehDoachashmee-ar.init
absHehHat,hehVinvertedabove-ar
absHehHatFin,hehVinvertedabove-ar.fina
absHehHatMed,hehVinvertedabove-ar.medi
absHehHatIni,hehVinvertedabove-ar.init
absTehMarbuta,tehMarbuta-ar
absTehMarbutaFin,tehMarbuta-ar.fina
absTehMarbutaGoal,tehMarbutagoal-ar
absTehMarbutaGoalFin,tehMarbutagoal-ar.fina
absAe,ae-ar
absAeFin,ae-ar.fina
absWaw,waw-ar
absWawFin,waw-ar.fina
absHighHamzaWaw,highhamzaWaw-ar
absHighHamzaWawFin,highhamzaWaw-ar.fina
absUHamzaAbove,uHamzaabove-ar
absUHamzaAboveFin,uHamzaabove-ar.fina
absUHamzaAbove.filled,uHamzaabove-ar.filled
absUHamzaAboveFin.filled,uHamzaabove-ar.filled.fina
absU,u-ar
absUFin,u-ar.fina
absU.filled,u-ar.filled
absUFin.filled,u-ar.filled.fina
absWawRing,wawring-ar
absWawRingFin,wawring-ar.fina
absWawTwoDotsAbove,wawTwodots-ar
absWawTwoDotsAboveFin,wawTwodots-ar.fina
absWawDotAbove,wawDotabove-ar
absWawDotAboveFin,wawDotabove-ar.fina
absWawHamzaAbove,wawHamzaabove-ar
absWawHamzaAboveFin,wawHamzaabove-ar.fina
absWawDigitTwoAbove,wawTwoabove-ar
absWawDigitTwoAboveFin,wawTwoabove-ar.fina
absWawDigitThreeAbove,wawThreeAbove-ar
absWawDigitThreeAboveFin,wawThreeAbove-ar.fina
absWawDotWithin,wawDotcenter-ar
absWawDotWithinFin,wawDotcenter-ar.fina
absStraightWaw,wawStraight-ar
absStraightWawFin,wawStraight-ar.fina
absKirghizOe,kirghizoe-ar
absKirghizOeFin,kirghizoe-ar.fina
absOe,oe-ar
absOeFin,oe-ar.fina
absYu,yu-ar
absYuFin,yu-ar.fina
absKirghizYu,kirghizyu-ar
absKirghizYuFin,kirghizyu-ar.fina
absVe,ve-ar
absVeFin,ve-ar.fina
absAlefMaksura,alefMaksura-ar
absAlefMaksuraFin,alefMaksura-ar.fina
absAlefMaksuraMed,alefMaksura-ar.medi
absAlefMaksuraIni,alefMaksura-ar.init
absLowAlef,aleflow-ar
absYeh,yeh-ar
absYehFin,yeh-ar.fina
absYehMed,yeh-ar.medi
absYehIni,yeh-ar.init
absYehHamzaAbove,yehHamzaabove-ar
absYehHamzaAboveFin,yehHamzaabove-ar.fina
absYehHamzaAboveMed,yehHamzaabove-ar.medi
absYehHamzaAboveIni,yehHamzaabove-ar.init
absYehSmallV,yehVabove-ar
absYehSmallVFin,yehVabove-ar.fina
absYehSmallVMed,yehVabove-ar.medi
absYehSmallVIni,yehVabove-ar.init
absYehTwoDotsBelowHamzaAbove,yehTwodotsbelowHamzaabove-ar
absYehTwoDotsBelowHamzaAboveFin,yehTwodotsbelowHamzaabove-ar.fina
absYehTwoDotsBelowHamzaAboveMed,yehTwodotsbelowHamzaabove-ar.medi
absYehTwoDotsBelowHamzaAboveIni,yehTwodotsbelowHamzaabove-ar.init
absYehTwoDotsBelowDotAbove,yehTwodotsbelowDotabove-ar
absYehTwoDotsBelowDotAboveFin,yehTwodotsbelowDotabove-ar.fina
absYehTwoDotsBelowDotAboveMed,yehTwodotsbelowDotabove-ar.medi
absYehTwoDotsBelowDotAboveIni,yehTwodotsbelowDotabove-ar.init
absFarsiYehInvertedV,yehVinverted-farsi
absFarsiYehInvertedVFin,yehVinverted-farsi.fina
absFarsiYehInvertedVMed,yehVinverted-farsi.medi
absFarsiYehInvertedVIni,yehVinverted-farsi.init
absFarsiYeh,yeh-farsi
absFarsiYehFin,yeh-farsi.fina
absFarsiYehMed,yeh-farsi.medi
absFarsiYehIni,yeh-farsi.init
absFarsiYehTwoDotsAbove,yehTwodotsabove-farsi
absFarsiYehTwoDotsAboveFin,yehTwodotsabove-farsi.fina
absFarsiYehTwoDotsAboveMed,yehTwodotsabove-farsi.medi
absFarsiYehTwoDotsAboveIni,yehTwodotsabove-farsi.init
absFarsiYehThreeDotsAbove,yehThreedotsabove-farsi
absFarsiYehThreeDotsAboveFin,yehThreedotsabove-farsi.fina
absFarsiYehThreeDotsAboveMed,yehThreedotsabove-farsi.medi
absFarsiYehThreeDotsAboveIni,yehThreedotsabove-farsi.init
absFarsiYehDigitTwoAbove,yehTwoabove-farsi
absFarsiYehDigitTwoAboveFin,yehTwoabove-farsi.fina
absFarsiYehDigitTwoAboveMed,yehTwoabove-farsi.medi
absFarsiYehDigitTwoAboveIni,yehTwoabove-farsi.init
absFarsiYehDigitThreeAbove,yehThreeabove-farsi
absFarsiYehDigitThreeAboveFin,yehThreeabove-farsi.fina
absFarsiYehDigitThreeAboveMed,yehThreeabove-farsi.medi
absFarsiYehDigitThreeAboveIni,yehThreeabove-farsi.init
absFarsiYehDigitFourBelow,yehFourbelow-farsi
absFarsiYehDigitFourBelowFin,yehFourbelow-farsi.fina
absFarsiYehDigitFourBelowMed,yehFourbelow-farsi.medi
absFarsiYehDigitFourBelowIni,yehFourbelow-farsi.init
absYehTail,yehTail-ar
absYehTailFin,yehTail-ar.fina
absKashmiriYeh,yehKashmiri-ar
absKashmiriYehFin,yehKashmiri-ar.fina
absKashmiriYehMed,yehKashmiri-ar.medi
absKashmiriYehIni,yehKashmiri-ar.init
absE,e-ar
absEFin,e-ar.fina
absEMed,e-ar.medi
absEIni,e-ar.init
absYehThreeDotsBelow,yehThreedotsbelow-ar
absYehThreeDotsBelowFin,yehThreedotsbelow-ar.fina
absYehThreeDotsBelowMed,yehThreedotsbelow-ar.medi
absYehThreeDotsBelowIni,yehThreedotsbelow-ar.init
absYehTwoDotsBelowNoonAbove,yehTwodotsbelowNoonabove-ar
absYehTwoDotsBelowNoonAboveFin,yehTwodotsbelowNoonabove-ar.fina
absYehTwoDotsBelowNoonAboveMed,yehTwodotsbelowNoonabove-ar.medi
absYehTwoDotsBelowNoonAboveIni,yehTwodotsbelowNoonabove-ar.init
absYehBarree,yehbarree-ar
absYehBarreeFin,yehbarree-ar.fina
absYehBarreeHamzaAbove,yehbarreeHamzaabove-ar
absYehBarreeHamzaAboveFin,yehbarreeHamzaabove-ar.fina
absYehBarreeDigitTwoAbove,yehbarreeTwoabove-ar
absYehBarreeDigitTwoAboveFin,yehbarreeTwoabove-ar.fina
absYehBarreeDigitTwoAboveMed,yehbarreeTwoabove-ar.medi
absYehBarreeDigitTwoAboveIni,yehbarreeTwoabove-ar.init
absYehBarreeDigitThreeAbove,yehbarreeThreeabove-ar
absYehBarreeDigitThreeAboveFin,yehbarreeThreeabove-ar.fina
absYehBarreeDigitThreeAboveMed,yehbarreeThreeabove-ar.medi
absYehBarreeDigitThreeAboveIni,yehbarreeThreeabove-ar.init
absRohingyaYeh,yehRohingya-ar
absRohingyaYehFin,yehRohingya-ar.fina
absHighHamzaYeh,highhamzaYeh-ar
absHighHamzaYehFin,highhamzaYeh-ar.fina
absHighHamzaYehMed,highhamzaYeh-ar.medi
absHighHamzaYehIni,highhamzaYeh-ar.init
absTatweel,kashida-ar
absAutoKashida,absAutoKashida
absSmallHighSadMark,sadabove-ar
absSmallHighAinMark,ainabove-ar
absNameMarker,takhallusabove-ar
absSmallHighTah,tahabove-ar
absSmallHighAlefLamYeh,alefLamYehabove-ar
absSmallHighZain,zainabove-ar
absSmallFatha,fathasmall-ar
absSmallDamma,dammasmall-ar
absSmallKasra,kasrasmall-ar
absTripleDotPunct,threedots-ar
absWavyHamzaBelow,wavyhamzabelow-ar
absSuperscriptAlef,alefabove-ar
absSuperscriptAlef.large,alefabove-ar.large
absSubscriptAlef,alefbelow-ar
absHamzaAbove,hamzaabove-ar
absHamzaBelow,hamzabelow-ar
absFathatan,fathatan-ar
absDammatan,dammatan-ar
absDammatan.sixNine,dammatan-ar.sixNine
absKasratan,kasratan-ar
absKasratan.lowered,kasratan-ar.lowered
absFatha,fatha-ar
absDamma,damma-ar
absDamma.filled,damma-ar.filled
absDamma.short,damma-ar.short
absKasra,kasra-ar
absKasra.lowered,kasra-ar.lowered
absShadda,shadda-ar
absSukun,sukun-ar
absSukun.downOpen,sukun-ar.downOpen
absSukun.leftOpen,sukun-ar.leftOpen
absMaddahAbove,madda-ar
absMaddahAbove.small,madda-ar.small
absNoonGhunnaMark,noonghunnaabove-ar
absUltaPesh,dammainverted-ar
absUltaPesh.open,dammainverted-ar.open
absZwarakay,fathaHorizont-ar
absVowelSmallV,vabove-ar
absVowelInvSmallV,vinvertedabove-ar
absVowelDotBelow,dotvowelbelow-ar
absReversedDamma,dammareversed-ar
absFathaTwoDots,fathatwodots-ar
absSmallHighSadLamAlefMaksura,sadLamAlefMaksuraabove-ar
absSmallHighQafLamAlefMaksura,qafLamAlefMaksuraabove-ar
absSmallHighMeemInitialForm,meemabove-ar
absSmallHighMeemIsolatedForm,meemStopabove-ar
absSmallHighLamAlef,lamAlefabove-ar
absSmallHighJeem,jeemabove-ar
absSmallHighThreeDots,threedotsabove-ar
absSmallHighSeen,seenabove-ar
absStartOfRubElHizb,asteriskArt-ar
absSmallHighRoundedZero,sukunround-ar
absSmallHighUprightRectangularZero,sukunoval-ar
absSmallHighDotlessHeadOfKhah,hahabove-ar
absSmallLowSeen,seenbelow-ar
absSmallHighMadda,maddalong-ar
absSmallWaw,wawSmall-ar
absSmallYeh,yehbelow-ar
absSmallHighYeh,yehabove-ar
absSmallHighNoon,noonabove-ar
absPlaceOfSajdah,sajdah-ar
absEmptyCentreLowStop,rhombusStopbelow-ar
absEmptyCentreHighStop,rhombusStopabove-ar
absRoundedHighStopFilledCentre,dotStopabove-ar
absSmallLowMeem,meembelow-ar
absZero,zero-ar
absZeroMedium,zero-ar.medium
absZeroSmall,zero-ar.small
absOne,one-ar
absOneMedium,one-ar.medium
absOneSmall,one-ar.small
absTwo,two-ar
absTwoMedium,two-ar.medium
absTwoSmall,two-ar.small
absThree,three-ar
absThreeMedium,three-ar.medium
absThreeSmall,three-ar.small
absFour,four-ar
absFourMedium,four-ar.medium
absFourSmall,four-ar.small
absFive,five-ar
absFiveMedium,five-ar.medium
absFiveSmall,five-ar.small
absSix,six-ar
absSixMedium,six-ar.medium
absSixSmall,six-ar.small
absSeven,seven-ar
absSevenMedium,seven-ar.medium
absSevenSmall,seven-ar.small
absEight,eight-ar
absEightMedium,eight-ar.medium
absEightSmall,eight-ar.small
absNine,nine-ar
absNineMedium,nine-ar.medium
absNineSmall,nine-ar.small
absEasternZero,zero-persian
absEasternZeroMedium,zero-persian.medium
absEasternZeroSmall,zero-persian.small
absEasternOne,one-persian
absEasternOneMedium,one-persian.medium
absEasternOneSmall,one-persian.small
absEasternTwo,two-persian
absEasternTwoMedium,two-persian.medium
absEasternTwoSmall,two-persian.small
absEasternThree,three-persian
absEasternThreeMedium,three-persian.medium
absEasternThreeSmall,three-persian.small
absEasternFour,four-persian
absEasternFourMedium,four-persian.medium
absEasternFourSmall,four-persian.small
absEasternFour.urdu,four-persian.urdu
absEasternFourMedium.urdu,four-persian.urdu.medium
absEasternFourSmall.urdu,four-persian.urdu.small
absEasternFour.roh,four-persian.roh
absEasternFourMedium.roh,four-persian.roh.medium
absEasternFourSmall.roh,four-persian.roh.small
absEasternFive,five-persian
absEasternFiveMedium,five-persian.medium
absEasternFiveSmall,five-persian.small
absEasternSix,six-persian
absEasternSixMedium,six-persian.medium
absEasternSixSmall,six-persian.small
absEasternSix.urdu,six-persian.urdu
absEasternSixMedium.urdu,six-persian.urdu.medium
absEasternSixSmall.urdu,six-persian.urdu.small
absEasternSeven,seven-persian
absEasternSevenMedium,seven-persian.medium
absEasternSevenSmall,seven-persian.small
absEasternSeven.urdu,seven-persian.urdu
absEasternSevenMedium.urdu,seven-persian.urdu.medium
absEasternSevenSmall.urdu,seven-persian.urdu.small
absEasternEight,eight-persian
absEasternEightMedium,eight-persian.medium
absEasternEightSmall,eight-persian.small
absEasternNine,nine-persian
absEasternNineMedium,nine-persian.medium
absEasternNineSmall,nine-persian.small
absFullStop,fullstop-ar
absComma,comma-ar
absComma.downward,comma-ar.downward
absSemicolon,semicolon-ar
absSemicolon.downward,semicolon-ar.downward
arabicLetterMark,mark-ar
absQuestionMark,question-ar
absPercentSign,percent-ar
absNumberSign,number-ar
absNumberSign.2,number-ar.2
absNumberSign.3,number-ar.3
absDecimalSeparator,decimalseparator-ar
absThousandsSeparator,thousandseparator-ar
absFivePointedStar,asterisk-ar
ornateLeftParen,parenleft-ar
ornateRightParen,parenright-ar
absYearSign,year-ar
absYearSign.2,year-ar.2
absYearSign.3,year-ar.3
absYearSign.4,year-ar.4
absFootnoteSign,footnotemarker-ar
absFootnoteSign.2,footnotemarker-ar.2
absPageSign,pagenumber-ar
absPageSign.2,pagenumber-ar.2
absPageSign.3,pagenumber-ar.3
absPageSign.4,pagenumber-ar.4
absSamvatSign,samvat-ar
absSamvatSign.2,samvat-ar.2
absSamvatSign.3,samvat-ar.3
absSamvatSign.4,samvat-ar.4
absNumberSignAbove,numbermark-ar
absNumberSignAbove.2,numbermark-ar.2
absNumberSignAbove.3,numbermark-ar.3
absNumberSignAbove.4,numbermark-ar.4
absCubeRoot,cuberoot-ar
absFourthRoot,fourthroot-ar
absRay,ray-ar
absPerMilleSign,perthousand-ar
absPerTenThousandSign,pertenthousand-ar
absAfghaniSign,afghani-ar
absDateSeparator,dateseparator-ar
absVerseSign,verseComma-ar
absMisraSign,misraComma-ar
absSignSindhiAmpersand,sindhiampersand-ar
absSignSindhiPostpositionMen,sindhipostpositionmen-ar
absEndOfAyah,endofayah-ar
absEndOfAyah.2,endofayah-ar.2
absEndOfAyah.3,endofayah-ar.3
absEndOfAyah.alt,endofayah-ar.alt
absEndOfAyah.altB,endofayah-ar.altB
absEndOfAyah.alt.2,endofayah-ar.alt.2
absEndOfAyah.alt.3,endofayah-ar.alt.3
absEndOfAyah.altB.2,endofayah-ar.altB.2
absEndOfAyah.altB.3,endofayah-ar.altB.3
absLigatureAllah,allah-ar
absLigatureAllah.alt,allah-ar.alt
absAlef.allah,alef-ar.allah
absAlefFin.allah,alef-ar.allah.fina
absLamIni.allah1,lam-ar.allah1.init
absLamMed.allah1,lam-ar.allah1.medi
absLamMed.allah2,lam-ar.allah2.medi
absShadda.allah,shadda-ar.allah
absSuperscriptAlef.allah,alefabove-ar.allah
absFatha.allah,fatha-ar.allah
absHehFin.allah,heh-ar.allah.fina
absHehGoalFin.allah,hehgoal-ar.allah.fina
absRialSign,rial
absTurnedDammaBelow,dammaturnedbelow-ar
absCurlyFatha,fathaCurly-ar
absCurlyDamma,dammaCurly-ar
absCurlyKasra,kasraCurly-ar
absCurlyFathatan,fathatanCurly-ar
absCurlyDammatan,dammatanCurly-ar
absCurlyKasratan,kasratanCurly-ar
absTone1DotAbove,toneonedotabove-ar
absTone2DotsAbove,tonetwodotsabove-ar
absToneLoopAbove,toneloopabove-ar
absTone1DotBelow,toneonedotbelow-ar
absTone2DotsBelow,tonetwodotsbelow-ar
absToneLoopBelow,toneloopbelow-ar
absOpenFathatan,openfathatan-ar
absOpenDammatan,opendammatan-ar
absOpenKasratan,openkasratan-ar
absSmallHighWaw,highwaw-ar
absFathaRing,fathaRing-ar
absFathaDotAbove,fathaDotabove-ar
absKasraDotBelow,kasraDotbelow-ar
absLeftArrowheadAbove,leftarrowheadabove-ar
absRightArrowheadAbove,rightarrowheadabove-ar
absLeftArrowheadBelow,leftarrowheadbelow-ar
absRightArrowheadBelow,rightarrowheadbelow-ar
absDoubleRightArrowheadAbove,doublerightarrowheadabove-ar
absDoubleRightArrowheadAboveDot,doublerightarrowheadDotabove-ar
absRightArrowheadAboveDot,rightarrowheadDotabove-ar
absDammaDot,dammaDot-ar
absShortVowelMark,marksidewaysnoonghunna-ar
absDammaMeem,damma_meem-ar
absFathaMeem,fatha_meem-ar
absHamzaFatha,hamza_fatha-ar
absHamzaDamma,hamza_damma-ar
absHamzaDamma.filled,hamza_damma-ar.filled
absHamzaDamma.short,hamza_damma-ar.short
absKasraMeem,kasra_meem-ar
absShaddaAlef,shadda_alef-ar
absShaddaFathatan,shadda_fathatan-ar
absShaddaDammatan,shadda_dammatan-ar
absShaddaDammatan.sixNine,shadda_dammatan-ar.sixNine
absShaddaKasratan,shadda_kasratan-ar
absShaddaFatha,shadda_fatha-ar
absShaddaDamma,shadda_damma-ar
absShaddaDamma.filled,shadda_damma-ar.filled
absShaddaDamma.short,shadda_damma-ar.short
absShaddaKasra,shadda_kasra-ar
enQuad,enquad
emQuad,emquad
enSpace,enspace
emSpace,emspace
threePerEmSpace,threeperemspace
fourPerEmSpace,fourperemspace
sixPerEmSpace,sixperemspace
figureSpace,figurespace
punctuationSpace,punctuationspace
thinSpace,thinspace
hairSpace,hairspace
zerospace,zerowidthspace
zeronojoin,zerowidthnonjoiner
zerojoin,zerowidthjoiner
zeroWidthNoBreakSpace,zeroWidthNoBreakSpace
leftToRightMark,lefttorightmark
rightToLeftMark,righttoleftmark
noBreakHyphen,nonbreakinghyphen
figureDash,figuredash
endash,endash
emdash,emdash
horizontalBar,horizontalbar
quoteleft,quoteleft
quoteleft.arab,quoteleft.arab
quoteright,quoteright
quoteright.arab,quoteright.arab
quotesinglbase,quotesinglbase
quotedblleft,quotedblleft
quotedblleft.arab,quotedblleft.arab
quotedblright,quotedblright
quotedblright.arab,quotedblright.arab
quotedblbase,quotedblbase
dagger,dagger
daggerdbl,daggerdbl
bullet,bullet
ellipsis,ellipsis
hyphenationPoint,hyphenationpoint
lineSeparator,lineseparator
paragraphSeparator,paragraphseparator
leftToRightEmbedding,lefttorightembedding
rightToLeftEmbedding,righttoleftembedding
popDirectionalFormatting,popdirectionalformatting
leftToRightOverride,lefttorightoverride
rightToLeftOverride,righttoleftoverride
narrowNoBreakSpace,narrownbspace
perthousand,perthousand
guilsinglleft,guilsinglleft
guilsinglright,guilsinglright
wordJoiner,wordjoiner
leftToRightIsolate,lefttorightisolate
rightToLeftIsolate,righttoleftisolate
firstStrongIsolate,firststrongisolate
popDirectionalIsolate,popdirectionalisolate
inhibitArabicFormShaping,inhibitformshaping-ar
activateArabicFormShaping,activateformshaping-ar
Euro,euro
trademark,trademark
minus,minus
bulletOperator,bulletoperator
radical,radical
radical.rtl,radical.rtl
circledash,dottedCircle
FontBslnSideBrngMrkrLft,FontBslnSideBrngMrkrLft
FontBslnSideBrngMrkrRt,FontBslnSideBrngMrkrRt
_bar,_bar
_bar2,_bar2
_damma,_damma
_damma.filled,_damma.filled
_dot1,_dot1
_dot1_hat,_dot1_hat
_dot1_smallV,_dot1_smallV
_dot1_tah,_dot1_tah
_dot2h,_dot2h
_dot2h_tah,_dot2h_tah
_dot2v,_dot2v
_dot3d,_dot3d
_dot3h,_dot3h
_dot3u,_dot3u
_dot3u_tah,_dot3u_tah
_dot4,_dot4
_dotCircular,_dotCircular
_four,_four
_gafBar,_gafBar
_gafBar_dot2h,_gafBar_dot2h
_gafBar_dot3u,_gafBar_dot3u
_gafBarCenter,_gafBarCenter
_gafBarShort,_gafBarShort
_gafBarShort_dot2h,_gafBarShort_dot2h
_gafBarShort_dot3u,_gafBarShort_dot3u
_hamza,_hamza
_hamzaDamma,_hamzaDamma
_hamzaDamma.filled,_hamzaDamma.filled
_hat,_hat
_highHamza,_highHamza
_invSmallV,_invSmallV
_lines,_lines
_madda,_madda
_madda.small,_madda.small
_meem,_meem
_noon,_noon
_ring,_ring
_smallV,_smallV
_tah,_tah
_teh,_teh
_three,_three
_two,_two
_vline,_vline
_wasla,_wasla
_wavyHamza,_wavyHamza
